Model,Train RMSE,Test RMSE,Train MAE,Test MAE,Train R²,Test R²
Linear Regression,207.4718896152081,40.9460947151191,35.78593426304153,24.20265725342567,0.00730642907513912,-0.565023102803222
Random Forest,98.61467656854772,43.598263196260305,26.07640050624364,18.052950292308516,0.7757255534024046,-0.7743290262573432
