{
  "author_count_stats": {
    "mean": 123.74120863175376,
    "median": 70.0,
    "std": 624.4620448816692,
    "max": 40547
  },
  "category_distribution": {
    "math": 555471,
    "astro-ph": 325664,
    "cond-mat": 337957,
    "hep-ph": 139597,
    "physics": 201122,
    "hep-th": 110681,
    "quant-ph": 124005,
    "cs": 688410,
    "gr-qc": 69099,
    "math-ph": 33360,
    "nucl-th": 34966,
    "hep-ex": 24433,
    "nlin": 20270,
    "q-bio": 32638,
    "hep-lat": 18745,
    "nucl-ex": 12190,
    "stat": 58012,
    "q-fin": 12800,
    "eess": 66583,
    "econ": 10099,
    "alg-geom": 1209,
    "adap-org": 306,
    "acc-phys": 46,
    "ao-sci": 13,
    "chao-dyn": 1770,
    "cmp-lg": 894,
    "comp-gas": 140,
    "chem-ph": 129,
    "atom-ph": 68,
    "bayes-an": 11,
    "dg-ga": 562,
    "funct-an": 320,
    "q-alg": 1177,
    "solv-int": 844,
    "patt-sol": 452,
    "mtrl-th": 165,
    "supr-con": 69,
    "plasm-ph": 28
  }
}